Content,Score,Category
thanks much great save,0.11,Green
ty really good lag,0.14,Green
nice everyone your save,0.14,Green
good my match,0.15,Green
gg about my help,0.11,Green
thx about try,0.14,Green
good so solid match,0.11,Green
gl for the work,0.15,Green
thanks much clean carry,0.14,Green
thanks very good try,0.14,Green
nt for nice try,0.11,Green
sry that help,0.11,Green
good very the game,0.15,Green
sry about well save,0.11,Green
mb super nice game,0.11,Green
ty team save,0.15,Green
gl for well work,0.14,Green
nt guys the match,0.11,Green
nt so your match,0.15,Green
nt about solid help,0.11,Green
thanks everyone nice played,0.14,Green
sry so the carry,0.11,Green
ty much my lag,0.14,Green
good very solid save,0.15,Green
nice guys great round,0.15,Green
mb team your work,0.11,Green
ty everyone good work,0.11,Green
good really your help,0.11,Green
gg so well game,0.15,Green
mb about solid played,0.15,Green
wp the game,0.15,Green
gl very good carry,0.14,Green
gl team your game,0.15,Green
sry team clean round,0.11,Green
good really the played,0.14,Green
gg guys clean played,0.11,Green
mb really your round,0.14,Green
good this match,0.14,Green
nt everyone well played,0.11,Green
thanks so nice save,0.11,Green
ty very clean help,0.15,Green
good guys nice game,0.15,Green
thanks for solid help,0.14,Green
good for save,0.15,Green
ty this play,0.15,Green
sry super nice match,0.15,Green
gl about solid played,0.11,Green
sry super clean match,0.15,Green
nice team good help,0.14,Green
nt about my match,0.11,Green
gl so the try,0.11,Green
nice very solid lag,0.15,Green
good about clean work,0.11,Green
good super the round,0.11,Green
thanks team well carry,0.15,Green
good everyone solid work,0.15,Green
gl about the played,0.11,Green
nice super good try,0.15,Green
sry super well match,0.11,Green
nice super clean match,0.15,Green
nice about that save,0.11,Green
sry for that try,0.15,Green
gl team your match,0.14,Green
gg super well carry,0.14,Green
nt team solid save,0.11,Green
thanks team my try,0.11,Green
good much solid try,0.14,Green
nice that round,0.14,Green
mb everyone the lag,0.15,Green
nice so that game,0.15,Green
nice so well lag,0.14,Green
mb really that round,0.15,Green
gl really good round,0.14,Green
ty really that try,0.14,Green
nice so well played,0.14,Green
sry super your game,0.15,Green
sry for your game,0.15,Green
sry team my carry,0.14,Green
good so solid game,0.11,Green
wow very well try,0.15,Green
gl guys good round,0.11,Green
ty guys clean match,0.14,Green
thanks super well round,0.15,Green
mb man,0.14,Green
ty all match,0.15,Green
gl about great work,0.15,Green
gl very solid save,0.14,Green
ty so great match,0.11,Green
gl really nice help,0.14,Green
sry so clean work,0.11,Green
nice much great match,0.11,Green
sry everyone clean try,0.15,Green
ty guys your try,0.11,Green
good about play,0.14,Green
good my play,0.14,Green
wow much good carry,0.14,Green
good everyone your save,0.15,Green
thanks very the work,0.15,Green
nt really great help,0.15,Green
gl for well lag,0.15,Green
nice team the help,0.11,Green
sry super nice save,0.11,Green
sry for well carry,0.11,Green
wow team good work,0.11,Green
sry about good help,0.11,Green
ty very solid carry,0.15,Green
gg really that work,0.14,Green
thanks really that save,0.15,Green
gg guys good work,0.11,Green
thanks super nice carry,0.11,Green
ty very nice save,0.14,Green
good about your match,0.14,Green
wow super well round,0.11,Green
sry very well game,0.15,Green
thanks super well match,0.15,Green
thanks everyone solid work,0.15,Green
wow so your match,0.14,Green
ty much clean lag,0.11,Green
thanks so well carry,0.14,Green
nice bro,0.14,Green
gg so your lag,0.11,Green
nt really that match,0.15,Green
ty so nice help,0.14,Green
wow team clean carry,0.11,Green
gg everyone great try,0.14,Green
gg about my try,0.11,Green
gg for solid round,0.14,Green
gl much clean game,0.11,Green
nt much my help,0.14,Green
wow really clean lag,0.14,Green
good really solid save,0.14,Green
gg so the save,0.11,Green
good team solid help,0.14,Green
wow everyone good work,0.15,Green
nice for clean round,0.15,Green
good really my work,0.11,Green
gg for good save,0.14,Green
good about your try,0.15,Green
thanks very nice carry,0.15,Green
thanks team your carry,0.14,Green
gg really well match,0.15,Green
thx that match,0.15,Green
gg really solid try,0.14,Green
good guys your try,0.11,Green
nt team that played,0.15,Green
gg everyone my lag,0.14,Green
nt guys great played,0.11,Green
mb very nice save,0.11,Green
good everyone great work,0.14,Green
nt everyone that round,0.11,Green
nice you save,0.15,Green
sry everyone that carry,0.15,Green
thanks really well help,0.11,Green
ty much nice played,0.11,Green
sry very nice lag,0.11,Green
gl very good save,0.11,Green
nt team nice played,0.14,Green
gl much the work,0.11,Green
nice team my match,0.11,Green
nt guys solid match,0.11,Green
nt super nice save,0.11,Green
nt everyone clean work,0.11,Green
sry really great game,0.15,Green
gl super your work,0.11,Green
mb very the round,0.14,Green
thanks much my help,0.11,Green
wow much solid save,0.15,Green
sry super good save,0.14,Green
wow everyone good carry,0.14,Green
wow everyone nice round,0.15,Green
gl guys great match,0.14,Green
mb team carry,0.14,Green
ty team great carry,0.11,Green
wow so well match,0.11,Green
sry very nice help,0.15,Green
mb guys great match,0.15,Green
nt so nice carry,0.14,Green
good really the lag,0.15,Green
mb super nice played,0.14,Green
sry for great try,0.14,Green
wp for play,0.14,Green
sry our bad,0.14,Green
good guys the work,0.11,Green
sry guys clean lag,0.14,Green
nt for well carry,0.14,Green
thanks for my carry,0.15,Green
sry guys good game,0.14,Green
gg everyone nice game,0.15,Green
wow guys my round,0.14,Green
gg for match,0.14,Green
thanks for my work,0.15,Green
ty team good try,0.14,Green
thanks very your round,0.15,Green
thanks super my match,0.11,Green
wow team that lag,0.15,Green
gl really solid lag,0.14,Green
sry much good played,0.11,Green
nice about the lag,0.11,Green
ty about nice save,0.15,Green
sry team the round,0.15,Green
nice about nice played,0.15,Green
nt guys solid lag,0.15,Green
sry really great lag,0.15,Green
gg very clean game,0.14,Green
mb super good carry,0.15,Green
wow super your round,0.15,Green
thanks for solid carry,0.14,Green
gg everyone clean work,0.14,Green
wow so clean help,0.14,Green
wow very solid game,0.14,Green
mb guys that played,0.11,Green
wow really my carry,0.11,Green
sry much good try,0.15,Green
wow team clean work,0.15,Green
mb about clean game,0.14,Green
thanks about my work,0.15,Green
nt guys clean game,0.15,Green
thanks really great round,0.11,Green
ty really your round,0.15,Green
wow guys your game,0.15,Green
mb this save,0.15,Green
thanks for well round,0.11,Green
gl guys solid save,0.15,Green
nice so my work,0.14,Green
good about that try,0.11,Green
thanks so great work,0.11,Green
sry for my work,0.14,Green
sry for nice match,0.14,Green
nice so clean work,0.14,Green
nt really nice lag,0.11,Green
gl so the match,0.11,Green
nt very the save,0.11,Green
gl very well try,0.11,Green
thanks very that round,0.14,Green
gl super your save,0.15,Green
gg so clean carry,0.15,Green
gl so nice played,0.15,Green
mb you match,0.14,Green
ty about your lag,0.11,Green
nt so that game,0.14,Green
thanks much clean round,0.14,Green
gg team that match,0.15,Green
ty about great game,0.14,Green
thanks super clean lag,0.15,Green
gl so solid game,0.11,Green
ty so well game,0.15,Green
wow about your lag,0.14,Green
ty for nice lag,0.11,Green
nt much nice played,0.14,Green
gg about good try,0.15,Green
nt for play,0.15,Green
good very solid try,0.11,Green
thanks for your game,0.14,Green
nice so well round,0.14,Green
sry very well try,0.15,Green
mb for my round,0.15,Green
nt everyone clean save,0.14,Green
mb very great played,0.14,Green
nice really that game,0.15,Green
nt super that save,0.14,Green
nt that game,0.11,Green
good guys your lag,0.14,Green
thanks so that try,0.14,Green
sry really well carry,0.15,Green
gl so well lag,0.15,Green
nice team the save,0.11,Green
gl everyone your match,0.15,Green
sry guys the round,0.15,Green
ty much well work,0.14,Green
ty much that round,0.11,Green
nt much good work,0.11,Green
nt for solid help,0.15,Green
ty team carry,0.15,Green
ty the help,0.15,Green
mb much good try,0.14,Green
gg so well carry,0.15,Green
nice really well save,0.14,Green
mb so solid carry,0.15,Green
ty so well work,0.15,Green
mb very that match,0.15,Green
gg very well lag,0.15,Green
gg for the save,0.14,Green
gl team clean carry,0.14,Green
good very your game,0.14,Green
thanks super the save,0.15,Green
thanks guys well game,0.11,Green
gg about the try,0.11,Green
wow everyone that match,0.14,Green
ty really that round,0.15,Green
nt my bad,0.15,Green
good about my played,0.15,Green
wow so solid save,0.15,Green
nt much clean save,0.14,Green
mb everyone nice carry,0.15,Green
nt very great match,0.11,Green
nt so well work,0.15,Green
thanks much my game,0.11,Green
wow very nice match,0.15,Green
gg very great save,0.11,Green
good team your work,0.14,Green
wow much clean match,0.11,Green
nt for good round,0.11,Green
nt the lag,0.15,Green
ty everyone the round,0.15,Green
gl very that try,0.15,Green
gl the carry,0.15,Green
good the bad,0.11,Green
gg very well save,0.11,Green
gl about the try,0.14,Green
nt guys the round,0.14,Green
sry everyone my help,0.14,Green
good much that game,0.11,Green
gg my game,0.11,Green
nt so good help,0.15,Green
nice really the round,0.14,Green
nice about your round,0.14,Green
ty for lag,0.11,Green
good team the help,0.15,Green
wow much well lag,0.11,Green
good everyone my carry,0.14,Green
good about the played,0.14,Green
ty guys good round,0.11,Green
mb super nice match,0.15,Green
thanks much your lag,0.15,Green
mb everyone the help,0.15,Green
thanks really great work,0.11,Green
gg so the match,0.14,Green
good everyone the save,0.14,Green
ty everyone the match,0.14,Green
sry for great work,0.14,Green
wow so good lag,0.15,Green
sry for nice played,0.11,Green
thanks everyone solid lag,0.11,Green
sry guys the lag,0.11,Green
nice very your played,0.14,Green
good for solid played,0.11,Green
sry for your lag,0.11,Green
gg for your round,0.15,Green
nice this help,0.15,Green
thanks much good lag,0.11,Green
wow guys clean played,0.11,Green
thanks about nice try,0.15,Green
mb about great round,0.14,Green
sry everyone nice save,0.11,Green
good so your match,0.11,Green
nt all match,0.14,Green
nice super great help,0.15,Green
sry everyone well match,0.11,Green
thanks so good game,0.15,Green
gl super that save,0.15,Green
gg guys the save,0.14,Green
good team my round,0.11,Green
gl very clean played,0.15,Green
mb so great match,0.14,Green
gg team lag,0.14,Green
wow team that work,0.14,Green
wow really that work,0.11,Green
ty much that help,0.11,Green
nice really nice played,0.15,Green
mb guys your carry,0.14,Green
nt so well try,0.11,Green
sry very great played,0.14,Green
ty guys clean carry,0.15,Green
gl really well lag,0.14,Green
thanks so solid help,0.11,Green
mb team my work,0.11,Green
wow super that work,0.14,Green
thanks for great carry,0.11,Green
nice team good lag,0.11,Green
wp team play,0.11,Green
gg super that game,0.11,Green
nt team my help,0.11,Green
gg team solid carry,0.11,Green
sry guys well try,0.11,Green
wp this match,0.15,Green
nice team solid carry,0.15,Green
nice about nice carry,0.14,Green
nice team your help,0.11,Green
nt about good game,0.11,Green
good so great played,0.15,Green
good much great work,0.15,Green
nice about well help,0.14,Green
nt you lag,0.11,Green
gl team good match,0.15,Green
ty team my round,0.15,Green
nice team clean played,0.11,Green
gg about my save,0.14,Green
sry everyone nice match,0.15,Green
sry team,0.11,Green
nice really solid help,0.11,Green
gg very the try,0.14,Green
wow everyone nice carry,0.15,Green
wow really the work,0.14,Green
mb team your game,0.11,Green
gg team your work,0.11,Green
good guys solid played,0.15,Green
good super my try,0.11,Green
mb about the carry,0.15,Green
wow everyone solid help,0.14,Green
nt so nice round,0.15,Green
gg team that save,0.11,Green
good guys that save,0.11,Green
mb team great played,0.11,Green
nice this save,0.11,Green
gl about nice lag,0.11,Green
gg really nice match,0.11,Green
nt all game,0.14,Green
thx the round,0.11,Green
nt guys well carry,0.14,Green
sry super my try,0.14,Green
ty really great round,0.14,Green
gg everyone your played,0.11,Green
nt very the played,0.15,Green
nice team well game,0.15,Green
gg for solid save,0.14,Green
ty so clean played,0.14,Green
gg guys great carry,0.15,Green
good really clean work,0.14,Green
nt you round,0.14,Green
nice much clean work,0.11,Green
thanks super nice round,0.11,Green
ty super the played,0.11,Green
thanks really great lag,0.11,Green
thanks guys great work,0.11,Green
gg very the help,0.14,Green
gg about solid lag,0.11,Green
nt so my help,0.15,Green
thanks super clean round,0.14,Green
mb super solid work,0.15,Green
nt so your help,0.11,Green
nice so clean game,0.15,Green
nice for well round,0.11,Green
nice that play,0.14,Green
gl everyone great match,0.15,Green
ty everyone well carry,0.14,Green
sry much good round,0.14,Green
ty team your save,0.11,Green
gl everyone great save,0.14,Green
good that round,0.14,Green
nice really clean try,0.11,Green
thanks for the help,0.14,Green
ty our game,0.14,Green
gl everyone clean match,0.11,Green
gg very my help,0.15,Green
nice team your try,0.11,Green
gl so the work,0.15,Green
gl about well game,0.15,Green
gg team great round,0.14,Green
sry that play,0.15,Green
ty about bad,0.11,Green
wp that bad,0.15,Green
mb very good round,0.11,Green
thx team round,0.11,Green
gl very that round,0.15,Green
gg super my match,0.14,Green
gl very clean match,0.11,Green
gl much the played,0.14,Green
sry much well lag,0.15,Green
mb guys your try,0.14,Green
thanks about that work,0.11,Green
nice for help,0.11,Green
mb really the lag,0.15,Green
good for that help,0.14,Green
nice very the carry,0.14,Green
wp my round,0.11,Green
gg very your match,0.11,Green
gg everyone good lag,0.15,Green
wow team the try,0.15,Green
wow about solid help,0.15,Green
nt our match,0.15,Green
wow very well carry,0.11,Green
gl super my match,0.11,Green
gl for clean played,0.15,Green
thanks super nice lag,0.14,Green
nt super well game,0.11,Green
gg really the played,0.15,Green
ty so solid played,0.11,Green
nice very my played,0.14,Green
nice team your work,0.15,Green
thanks team nice game,0.11,Green
mb so well round,0.14,Green
good everyone good lag,0.15,Green
sry really that played,0.14,Green
nice everyone clean carry,0.14,Green
good really great carry,0.15,Green
mb much nice carry,0.15,Green
ty really clean work,0.15,Green
mb team solid played,0.15,Green
gg for that save,0.14,Green
gg guys that help,0.11,Green
mb for the carry,0.15,Green
good very great try,0.15,Green
good so good work,0.11,Green
nice guys my work,0.15,Green
nt for my match,0.15,Green
good guys your played,0.14,Green
gl for try,0.15,Green
good super great round,0.15,Green
ty really solid carry,0.15,Green
nt team that carry,0.14,Green
nice about your played,0.14,Green
wow for the played,0.15,Green
mb team nice try,0.15,Green
ty everyone my played,0.15,Green
thanks about good carry,0.14,Green
ty super my game,0.15,Green
sry for that game,0.14,Green
gg very solid played,0.15,Green
wow so the carry,0.15,Green
good guys the played,0.11,Green
wow everyone solid save,0.11,Green
ty about the help,0.14,Green
gg so clean lag,0.15,Green
nt for great lag,0.11,Green
good team that round,0.15,Green
wow much that try,0.14,Green
gg everyone the played,0.14,Green
nt guys that try,0.15,Green
mb super great work,0.15,Green
nt for great match,0.14,Green
ty really nice match,0.15,Green
thanks much nice played,0.15,Green
wow team your game,0.14,Green
thanks very clean round,0.11,Green
nt much solid save,0.11,Green
thanks so well help,0.11,Green
gg so great work,0.11,Green
wow really good help,0.15,Green
good so great round,0.14,Green
thanks so solid game,0.15,Green
good so solid try,0.11,Green
thanks very that lag,0.15,Green
sry about that save,0.15,Green
mb team the match,0.14,Green
thanks for great match,0.15,Green
good for nice played,0.11,Green
nt guys your lag,0.14,Green
wow for the round,0.14,Green
thanks team nice save,0.14,Green
ty much the round,0.14,Green
gg super clean help,0.14,Green
good my save,0.15,Green
ty very great game,0.14,Green
nt for the carry,0.15,Green
nt everyone good carry,0.14,Green
good for well round,0.15,Green
wow guys nice help,0.15,Green
sry much good game,0.15,Green
good so good game,0.15,Green
gl for nice match,0.15,Green
ty really my help,0.15,Green
nt everyone great try,0.11,Green
thanks about my help,0.11,Green
good very clean help,0.15,Green
good really my lag,0.11,Green
gl much that work,0.11,Green
mb much solid round,0.14,Green
sry this try,0.15,Green
sry much well game,0.14,Green
wow really nice try,0.14,Green
ty everyone nice work,0.11,Green
wow team solid played,0.11,Green
nt my round,0.11,Green
mb very nice match,0.15,Green
nt about your match,0.15,Green
mb for your work,0.14,Green
thanks super clean match,0.15,Green
sry everyone my played,0.14,Green
wow super the save,0.15,Green
ty guys the played,0.14,Green
mb everyone good save,0.11,Green
good really that lag,0.15,Green
ty about solid help,0.14,Green
nt about solid match,0.11,Green
gg super clean work,0.15,Green
wow super my match,0.14,Green
sry really well lag,0.11,Green
wow about my match,0.14,Green
nt very that work,0.14,Green
ty super solid carry,0.14,Green
mb super the help,0.14,Green
wow so good help,0.14,Green
wow guys good help,0.15,Green
sry really nice save,0.14,Green
nt everyone the save,0.14,Green
mb so solid help,0.11,Green
nice really great help,0.14,Green
mb super your try,0.11,Green
gg so that round,0.15,Green
wow very well round,0.14,Green
wow so solid game,0.15,Green
thanks much well try,0.15,Green
ty all,0.11,Green
nice really that try,0.14,Green
mb very clean game,0.14,Green
gl team your work,0.15,Green
nice about great carry,0.15,Green
gl about nice try,0.14,Green
nt for that lag,0.11,Green
mb about well played,0.11,Green
ty very that work,0.14,Green
gg guys great try,0.11,Green
wow much my help,0.11,Green
gl everyone solid match,0.11,Green
gl team my help,0.11,Green
nt everyone my help,0.14,Green
mb very your round,0.14,Green
gg much my help,0.14,Green
mb our help,0.11,Green
mb everyone my try,0.11,Green
wow guys that game,0.15,Green
gl really nice match,0.14,Green
nice super your save,0.14,Green
gl my help,0.11,Green
gl so your save,0.11,Green
good team my try,0.14,Green
gg really my match,0.14,Green
mb my try,0.11,Green
thanks about the played,0.15,Green
nt so great played,0.15,Green
nice so that match,0.14,Green
nt everyone your played,0.11,Green
nt super your try,0.14,Green
mb this try,0.15,Green
nice all play,0.11,Green
thanks about good help,0.15,Green
sry about your match,0.14,Green
gg guys solid save,0.15,Green
mb really good save,0.11,Green
wow everyone the lag,0.11,Green
gg our game,0.11,Green
wow about great save,0.14,Green
gl guys your try,0.15,Green
gg team that work,0.11,Green
wp team bad,0.15,Green
gg very good save,0.14,Green
mb so your help,0.11,Green
good team match,0.15,Green
good much good round,0.15,Green
sry super clean played,0.14,Green
gl about game,0.14,Green
good team my carry,0.14,Green
mb team clean lag,0.11,Green
nt team solid carry,0.15,Green
sry about match,0.14,Green
wow guys that played,0.11,Green
gl about clean carry,0.14,Green
wow everyone the round,0.11,Green
mb guys your lag,0.11,Green
ty really clean match,0.15,Green
wow super clean save,0.15,Green
gg guys clean try,0.14,Green
nt really nice game,0.11,Green
nt very clean save,0.11,Green
gl about the work,0.14,Green
sry everyone solid help,0.15,Green
nice super solid match,0.11,Green
gg much my played,0.15,Green
nt team that round,0.14,Green
sry everyone my carry,0.15,Green
ty everyone well lag,0.14,Green
nice very great game,0.15,Green
thanks guys clean carry,0.15,Green
thanks so nice help,0.11,Green
gg everyone your round,0.15,Green
gg guys that save,0.15,Green
gg about solid round,0.14,Green
thanks so nice try,0.14,Green
wow team good round,0.14,Green
gl much that played,0.11,Green
gl much great lag,0.11,Green
ty about nice work,0.15,Green
nice team that work,0.14,Green
good this play,0.11,Green
nt about well help,0.15,Green
sry much my work,0.11,Green
sry team solid match,0.11,Green
wp this save,0.11,Green
nice much your work,0.14,Green
sry about my lag,0.11,Green
nice guys my match,0.15,Green
sry guys my help,0.14,Green
wow for my work,0.14,Green
wow so that carry,0.15,Green
ty much nice round,0.14,Green
nice so nice game,0.11,Green
good guys good match,0.15,Green
gl very your match,0.11,Green
gg guys your game,0.15,Green
nice everyone the round,0.11,Green
mb everyone your round,0.11,Green
nt about nice game,0.14,Green
gg about nice played,0.11,Green
wow much your try,0.11,Green
gg for nice try,0.11,Green
ty guys good played,0.11,Green
gg really great work,0.14,Green
wow very that carry,0.15,Green
good guys your help,0.11,Green
gl much the round,0.11,Green
good much nice help,0.15,Green
mb for clean help,0.14,Green
sry super great played,0.11,Green
thx about match,0.14,Green
mb so your game,0.11,Green
thanks so clean work,0.11,Green
thanks very my round,0.15,Green
sry for nice carry,0.11,Green
good much my help,0.14,Green
gg super well try,0.11,Green
mb the play,0.11,Green
good everyone great game,0.15,Green
sry so well help,0.15,Green
thanks for my help,0.11,Green
sry super your help,0.15,Green
nice so my try,0.11,Green
nice really the work,0.15,Green
wp our round,0.14,Green
sry super that match,0.14,Green
mb super well help,0.11,Green
good really nice game,0.15,Green
thanks everyone solid try,0.14,Green
sry really your work,0.11,Green
gl all,0.11,Green
good about clean save,0.15,Green
wow about clean work,0.14,Green
gg super good round,0.14,Green
wow team that match,0.15,Green
good everyone nice round,0.11,Green
mb about try,0.11,Green
wow so clean game,0.15,Green
sry super well round,0.14,Green
ty about well played,0.14,Green
wow much clean help,0.15,Green
mb really solid lag,0.11,Green
wow about good played,0.14,Green
sry guys nice match,0.15,Green
nice our help,0.11,Green
nice really good match,0.15,Green
ty so your help,0.14,Green
nice really clean carry,0.15,Green
gg that round,0.15,Green
gg so great played,0.14,Green
good everyone nice save,0.11,Green
nt really nice work,0.15,Green
wow for the carry,0.11,Green
nice team clean lag,0.15,Green
thanks super well carry,0.11,Green
ty really good save,0.11,Green
wow team clean lag,0.11,Green
wow about my help,0.11,Green
good so that match,0.11,Green
wow really solid round,0.11,Green
good very your round,0.14,Green
mb guys nice try,0.11,Green
mb for my played,0.14,Green
sry super great save,0.15,Green
gl team the match,0.14,Green
sry about nice carry,0.11,Green
gl all play,0.14,Green
mb much clean try,0.14,Green
thx dude,0.14,Green
thx team game,0.15,Green
gl everyone clean carry,0.11,Green
good about nice save,0.15,Green
ty team the try,0.14,Green
gl team the carry,0.15,Green
ty very clean carry,0.11,Green
thanks team my lag,0.11,Green
sry super good help,0.14,Green
gl much your carry,0.11,Green
nt really great game,0.15,Green
thanks team solid carry,0.15,Green
sry very the played,0.14,Green
good guys great work,0.15,Green
thanks for nice lag,0.14,Green
gl much nice game,0.15,Green
sry so well carry,0.14,Green
ty very my game,0.14,Green
nt my save,0.11,Green
gl guys,0.11,Green
thanks for my match,0.11,Green
thanks so your round,0.11,Green
sry much clean save,0.15,Green
mb much solid match,0.14,Green
ty team the help,0.11,Green
gg team good try,0.15,Green
wow for your try,0.15,Green
gg much well round,0.11,Green
ty everyone good round,0.11,Green
wow very clean match,0.11,Green
gl very the played,0.14,Green
mb super clean carry,0.11,Green
nt everyone the lag,0.14,Green
nt all carry,0.11,Green
wow team good try,0.14,Green
wow super the played,0.11,Green
ty much my round,0.15,Green
nt for your try,0.14,Green
gl guys nice match,0.15,Green
nt team that work,0.11,Green
wow guys solid match,0.15,Green
thanks guys great help,0.14,Green
wow much nice try,0.11,Green
good so nice carry,0.14,Green
wow really good game,0.11,Green
good team solid lag,0.14,Green
mb really great try,0.15,Green
good guys the try,0.15,Green
gl super that round,0.14,Green
wow super well game,0.14,Green
thanks so solid carry,0.15,Green
wow really that lag,0.14,Green
nice much great help,0.15,Green
ty all bad,0.15,Green
nice about nice help,0.15,Green
sry team great played,0.15,Green
ty really well round,0.14,Green
ty everyone that round,0.15,Green
nt for clean played,0.15,Green
nice for your save,0.14,Green
nice so the played,0.15,Green
thanks very well try,0.14,Green
gg super my help,0.15,Green
thanks team great carry,0.15,Green
nt round,0.15,Green
nt very solid try,0.14,Green
thanks about good work,0.15,Green
wow for nice help,0.14,Green
gl guys well match,0.15,Green
wow very my round,0.14,Green
nt so well lag,0.14,Green
gg team well carry,0.11,Green
thx this try,0.11,Green
wow really well played,0.11,Green
gl about your work,0.14,Green
ty guys my carry,0.15,Green
mb so well carry,0.14,Green
good guys well save,0.11,Green
good everyone your round,0.15,Green
wow really that game,0.14,Green
sry my save,0.14,Green
good so my match,0.14,Green
thanks super the help,0.15,Green
ty much solid lag,0.15,Green
gl guys clean carry,0.11,Green
ty about clean try,0.15,Green
mb so that game,0.14,Green
wow much nice played,0.14,Green
nice everyone the played,0.11,Green
nt much well lag,0.15,Green
gl everyone that try,0.14,Green
nice about my played,0.14,Green
wow everyone the try,0.11,Green
thanks very clean carry,0.14,Green
good team good save,0.11,Green
ty about good game,0.15,Green
thanks about solid carry,0.11,Green
ty my round,0.15,Green
thanks much well work,0.15,Green
nice so nice try,0.14,Green
sry much good match,0.14,Green
sry super solid round,0.14,Green
wow super good played,0.15,Green
thanks very nice played,0.15,Green
good very that lag,0.15,Green
nt much good lag,0.15,Green
nt for clean round,0.14,Green
thanks so your lag,0.14,Green
thanks team my carry,0.11,Green
wow much good played,0.15,Green
gl much well save,0.14,Green
thanks guys great played,0.15,Green
good really that match,0.14,Green
nt much solid lag,0.14,Green
ty guys that match,0.14,Green
mb super great lag,0.15,Green
wp the play,0.11,Green
gg so your played,0.11,Green
good about your round,0.15,Green
thanks guys the round,0.11,Green
nt so your work,0.11,Green
nice everyone good played,0.11,Green
wow much solid help,0.14,Green
wow very well save,0.14,Green
wow everyone well game,0.15,Green
gl about bad,0.15,Green
ty about well save,0.11,Green
wow so great save,0.15,Green
sry about solid try,0.15,Green
sry super good match,0.14,Green
mb very solid carry,0.14,Green
nt team nice game,0.14,Green
gl so that match,0.15,Green
thanks really the save,0.11,Green
gg very clean work,0.14,Green
thx that lag,0.14,Green
good much my try,0.14,Green
wow really the round,0.15,Green
gl team solid save,0.15,Green
mb super good round,0.15,Green
gl very solid match,0.15,Green
ty really that match,0.15,Green
good about the match,0.11,Green
wow so solid work,0.15,Green
good team solid match,0.11,Green
nice very the lag,0.14,Green
ty for my lag,0.11,Green
gg very your help,0.15,Green
nt about that game,0.14,Green
nt for clean work,0.15,Green
thanks so solid played,0.11,Green
wow for my help,0.11,Green
nice really well game,0.11,Green
sry for great round,0.15,Green
good about the carry,0.11,Green
sry guys your carry,0.15,Green
gg about the save,0.15,Green
good for your game,0.15,Green
wow team my played,0.14,Green
nice very good game,0.14,Green
sry really solid match,0.14,Green
wow guys that work,0.14,Green
gl super good carry,0.11,Green
gl really clean save,0.14,Green
nice everyone clean round,0.14,Green
nt very that match,0.14,Green
wow much good save,0.15,Green
gl so well try,0.15,Green
thanks much that try,0.11,Green
mb guys well save,0.14,Green
sry so your lag,0.11,Green
wow team well game,0.11,Green
nt team good game,0.15,Green
nt guys good match,0.15,Green
good so well carry,0.15,Green
gl guys well lag,0.14,Green
ty our play,0.11,Green
mb about your help,0.11,Green
mb very my work,0.15,Green
thanks about well work,0.11,Green
gl team clean save,0.14,Green
mb my carry,0.15,Green
ty team well carry,0.15,Green
good all bad,0.14,Green
gl about your carry,0.11,Green
nt so nice match,0.15,Green
wow really solid try,0.11,Green
ty guys the try,0.11,Green
thanks much the match,0.15,Green
nice so solid played,0.15,Green
gg super nice save,0.14,Green
mb everyone the save,0.11,Green
thanks guys nice lag,0.14,Green
gl guys great played,0.11,Green
good much solid game,0.14,Green
gl everyone your save,0.15,Green
thanks about great carry,0.15,Green
good about good game,0.11,Green
gg so good carry,0.15,Green
nt for solid work,0.15,Green
ty for bad,0.11,Green
gg guys my carry,0.14,Green
ty guys nice save,0.14,Green
gl guys solid match,0.14,Green
good for the game,0.15,Green
wow about well lag,0.15,Green
ty team the game,0.11,Green
good for well try,0.15,Green
mb everyone well match,0.11,Green
gg super that carry,0.14,Green
sry so my try,0.15,Green
good team great played,0.14,Green
sry much great help,0.15,Green
gg guys solid lag,0.15,Green
nt very well carry,0.11,Green
wow super that save,0.15,Green
thanks much great lag,0.11,Green
gl team my played,0.11,Green
good for well carry,0.11,Green
nice very nice work,0.11,Green
sry guys your try,0.15,Green
ty super the carry,0.14,Green
gg guys,0.15,Green
sry all carry,0.15,Green
sry team clean save,0.11,Green
thanks team your game,0.14,Green
sry about nice round,0.11,Green
nt very good work,0.15,Green
wow much that save,0.14,Green
wow everyone good round,0.15,Green
mb really my game,0.11,Green
good about my save,0.14,Green
nice guys the game,0.14,Green
mb very clean lag,0.15,Green
nt,0.14,Green
thanks about your played,0.14,Green
wow very that try,0.14,Green
mb so nice try,0.15,Green
good super good lag,0.11,Green
sry about nice save,0.15,Green
thanks really good match,0.14,Green
sry so great round,0.14,Green
gg super solid round,0.15,Green
gl team that help,0.15,Green
nt for good save,0.15,Green
thanks much that work,0.11,Green
good much your lag,0.14,Green
gg about your lag,0.15,Green
mb very my played,0.15,Green
gg super nice help,0.14,Green
sry that match,0.15,Green
nice much nice played,0.14,Green
ty super solid work,0.15,Green
good for well save,0.11,Green
sry really solid help,0.14,Green
thanks for good game,0.15,Green
mb really solid match,0.11,Green
mb everyone nice work,0.14,Green
ty super clean work,0.14,Green
gg so solid carry,0.11,Green
good team solid played,0.14,Green
gl everyone good game,0.15,Green
nt team the round,0.11,Green
nt everyone nice played,0.14,Green
sry about clean round,0.14,Green
gl this play,0.14,Green
gg really that help,0.15,Green
wow about great game,0.15,Green
nt for great round,0.14,Green
gl much solid work,0.14,Green
nt super great game,0.14,Green
nice about bad,0.15,Green
nice guys your work,0.14,Green
gl so my work,0.15,Green
gg guys my try,0.15,Green
mb really that help,0.15,Green
ty super solid save,0.11,Green
ty so solid try,0.14,Green
nt really clean lag,0.15,Green
gl so solid match,0.15,Green
sry so your carry,0.14,Green
gl much solid carry,0.14,Green
nt much clean try,0.11,Green
gg really my save,0.14,Green
ty team lag,0.14,Green
nice for the try,0.14,Green
sry really solid played,0.15,Green
wow so that played,0.15,Green
thanks for my save,0.15,Green
wow super good save,0.14,Green
good much clean try,0.11,Green
thanks everyone my played,0.11,Green
good for nice game,0.14,Green
mb this round,0.14,Green
nt everyone my round,0.15,Green
wow so clean work,0.14,Green
sry about clean carry,0.11,Green
nt about solid played,0.14,Green
gl team good help,0.11,Green
ty very my match,0.15,Green
gg really great try,0.14,Green
wow so well carry,0.11,Green
gg that save,0.14,Green
thanks very the help,0.15,Green
wow so my work,0.15,Green
thanks everyone good lag,0.15,Green
ty so your match,0.14,Green
wow super solid carry,0.15,Green
wow very your try,0.11,Green
gl really my round,0.15,Green
good much your played,0.14,Green
thanks so that match,0.11,Green
good much great help,0.14,Green
nt about the try,0.11,Green
ty about my played,0.11,Green
nice team great played,0.15,Green
mb about the save,0.11,Green
nice everyone well save,0.14,Green
nt super great played,0.11,Green
good guys clean work,0.11,Green
gg about my round,0.14,Green
ty very good work,0.14,Green
gg everyone that lag,0.14,Green
thanks very nice save,0.15,Green
wow about great played,0.14,Green
ty much well game,0.15,Green
sry much well save,0.11,Green
gl much great work,0.11,Green
ty about good round,0.14,Green
nt really well game,0.11,Green
gg for well help,0.15,Green
nt for my played,0.14,Green
mb much good carry,0.14,Green
good about well try,0.15,Green
wow team the round,0.14,Green
mb guys well played,0.14,Green
nt guys that game,0.14,Green
ty so the played,0.11,Green
gg for my match,0.14,Green
thanks so my help,0.11,Green
ty so clean lag,0.11,Green
nt everyone the match,0.14,Green
gg for good game,0.15,Green
ty so clean game,0.15,Green
nice everyone well work,0.15,Green
thx game,0.11,Green
thanks team nice round,0.15,Green
ty very my carry,0.15,Green
nt team great round,0.14,Green
wow guys good lag,0.11,Green
nt so well round,0.11,Green
thx mate,0.11,Green
sry team nice carry,0.11,Green
thx team try,0.14,Green
gg so great game,0.14,Green
good so clean round,0.11,Green
gg team nice lag,0.11,Green
gg so great save,0.15,Green
good team well carry,0.15,Green
nice so my match,0.11,Green
nice so solid help,0.11,Green
gl much well game,0.11,Green
nice very well carry,0.14,Green
nt super good lag,0.11,Green
wow team my lag,0.14,Green
good team great game,0.11,Green
thanks about clean game,0.14,Green
nt for great work,0.11,Green
mb much nice played,0.11,Green
mb team that round,0.15,Green
wp all save,0.11,Green
ty about that try,0.11,Green
sry much your carry,0.15,Green
gl everyone nice game,0.15,Green
good that match,0.14,Green
wow for great help,0.14,Green
ty about that carry,0.14,Green
wow everyone my save,0.11,Green
sry super great lag,0.14,Green
good everyone well try,0.11,Green
good guys solid game,0.15,Green
gg about solid try,0.15,Green
nice much the save,0.15,Green
thanks super that game,0.14,Green
nice much that help,0.14,Green
mb much your game,0.11,Green
gl so solid help,0.14,Green
wow really nice save,0.11,Green
ty everyone clean match,0.11,Green
good guys good carry,0.11,Green
nt for great game,0.11,Green
ty guys great save,0.15,Green
thanks guys clean played,0.15,Green
mb you try,0.11,Green
good team round,0.11,Green
ty guys your lag,0.11,Green
good team the played,0.14,Green
thanks about your help,0.15,Green
wow so solid lag,0.14,Green
thx that round,0.14,Green
gl everyone well carry,0.11,Green
wow so the played,0.14,Green
sry for good lag,0.14,Green
gg very nice match,0.14,Green
nt so good try,0.15,Green
nice really good game,0.14,Green
mb really that played,0.14,Green
sry much my carry,0.15,Green
wow about nice lag,0.14,Green
gg team solid played,0.14,Green
good so your game,0.14,Green
nt super that played,0.11,Green
sry everyone solid round,0.11,Green
good everyone your help,0.11,Green
good for nice round,0.11,Green
gg very great help,0.11,Green
gg everyone solid help,0.11,Green
wow much good help,0.11,Green
good my try,0.15,Green
nt dude,0.14,Green
wow guys well match,0.15,Green
wow for that save,0.15,Green
nice much that try,0.15,Green
sry the save,0.15,Green
gl so great work,0.11,Green
gg team nice round,0.14,Green
thanks everyone that save,0.15,Green
thanks guys the help,0.15,Green
sry team solid carry,0.15,Green
gl much your match,0.11,Green
nice really nice match,0.15,Green
sry everyone well lag,0.14,Green
nice so great played,0.15,Green
nt so well match,0.11,Green
gg team your round,0.11,Green
good really solid lag,0.15,Green
gg everyone great game,0.15,Green
thanks everyone the match,0.15,Green
nice about the save,0.14,Green
wow much clean try,0.15,Green
wow so solid round,0.15,Green
wow super well carry,0.15,Green
sry our try,0.15,Green
sry very nice try,0.11,Green
nt really well lag,0.11,Green
nt super solid try,0.15,Green
wow guys solid work,0.15,Green
good much nice save,0.15,Green
thanks for solid game,0.14,Green
nt team,0.11,Green
nice super your lag,0.14,Green
ty everyone great help,0.11,Green
good really that try,0.11,Green
ty much your help,0.15,Green
nice about good work,0.14,Green
sry much nice lag,0.15,Green
mb super clean match,0.15,Green
ty team your try,0.14,Green
gg guys the lag,0.11,Green
mb guys great carry,0.15,Green
nice very good played,0.14,Green
wow much good game,0.15,Green
ty super great game,0.15,Green
nt about nice match,0.14,Green
gl for well match,0.15,Green
thanks very good played,0.11,Green
nt everyone that work,0.14,Green
wow team nice game,0.15,Green
nt for help,0.11,Green
good everyone clean try,0.15,Green
mb everyone that played,0.15,Green
nt everyone good lag,0.15,Green
wow about good game,0.14,Green
wp our save,0.14,Green
gl everyone your lag,0.15,Green
sry our carry,0.11,Green
good really good lag,0.11,Green
wow for your match,0.15,Green
nice so good work,0.11,Green
gg really solid carry,0.15,Green
nt for my work,0.15,Green
good guys that match,0.11,Green
mb everyone good match,0.11,Green
wow very good game,0.14,Green
good that help,0.14,Green
thanks really clean try,0.15,Green
nice team your carry,0.11,Green
nt really your save,0.15,Green
sry everyone my save,0.14,Green
mb much that save,0.14,Green
good team well played,0.11,Green
nice really good carry,0.11,Green
wow team solid lag,0.11,Green
nice for well help,0.15,Green
ty for clean try,0.11,Green
gg very well round,0.15,Green
wp all match,0.15,Green
nice the bad,0.14,Green
gg super good try,0.11,Green
sry guys well carry,0.15,Green
nt for well game,0.15,Green
mb really that game,0.11,Green
sry team good help,0.11,Green
gl play,0.14,Green
gg very that round,0.14,Green
gl so well match,0.15,Green
thanks team your match,0.14,Green
sry much solid round,0.14,Green
sry team clean try,0.14,Green
sry all save,0.14,Green
nt much clean carry,0.11,Green
good much good game,0.11,Green
thanks everyone clean work,0.11,Green
ty much that game,0.14,Green
gl really nice carry,0.11,Green
wow everyone the match,0.15,Green
thx for play,0.14,Green
nice you help,0.11,Green
nt super your work,0.15,Green
gl much your work,0.14,Green
thanks guys that round,0.14,Green
good really the save,0.14,Green
nt much your lag,0.15,Green
gg everyone that help,0.14,Green
sry much that save,0.11,Green
nt much your played,0.11,Green
good really good try,0.15,Green
gg about clean round,0.14,Green
thx team play,0.11,Green
mb for your match,0.15,Green
wow team nice save,0.14,Green
nice team round,0.15,Green
sry so great try,0.11,Green
good for solid try,0.15,Green
sry about nice help,0.14,Green
gl so nice game,0.14,Green
sry for clean lag,0.11,Green
gl about match,0.11,Green
nt team the match,0.14,Green
good about well lag,0.14,Green
nt team my try,0.14,Green
ty team solid match,0.15,Green
thanks really your carry,0.14,Green
ty super clean save,0.15,Green
thanks really the game,0.14,Green
good guys nice work,0.14,Green
gg you carry,0.15,Green
nice super that game,0.15,Green
sry about lag,0.14,Green
mb for nice game,0.15,Green
wow much great round,0.11,Green
nice everyone good help,0.14,Green
ty very nice round,0.15,Green
thanks super great carry,0.14,Green
sry very nice round,0.11,Green
ty for round,0.15,Green
good very nice carry,0.15,Green
thx this save,0.14,Green
mb our play,0.11,Green
nt everyone your game,0.14,Green
ty super great played,0.11,Green
good really that played,0.14,Green
gl this round,0.14,Green
mb much great lag,0.15,Green
gl super clean lag,0.11,Green
good so solid round,0.11,Green
ty super that match,0.11,Green
gg guys great work,0.14,Green
good about nice match,0.14,Green
wow for well carry,0.11,Green
wp team,0.14,Green
sry guys the try,0.15,Green
nice much that round,0.14,Green
ty for nice played,0.15,Green
mb everyone great help,0.15,Green
wow so my game,0.15,Green
gg really the help,0.14,Green
nt that match,0.14,Green
thanks for great help,0.11,Green
wow team well save,0.11,Green
mb guys that try,0.11,Green
sry really well try,0.15,Green
wow super solid round,0.11,Green
nice about that round,0.15,Green
nice very your try,0.11,Green
wow really that round,0.11,Green
gl really solid game,0.15,Green
mb for clean round,0.15,Green
nt about well match,0.14,Green
thanks super solid game,0.15,Green
gl about well work,0.14,Green
thanks guys nice played,0.14,Green
gl the bad,0.11,Green
gg for the work,0.11,Green
sry for the help,0.11,Green
sry super good played,0.11,Green
nt team my save,0.15,Green
good much nice try,0.14,Green
wow really well game,0.11,Green
thanks everyone the work,0.11,Green
gl everyone clean save,0.15,Green
sry everyone nice help,0.14,Green
gg so the try,0.14,Green
gg game,0.14,Green
nt super well match,0.14,Green
ty super clean try,0.11,Green
ty about the match,0.14,Green
good about the help,0.14,Green
gg super clean carry,0.11,Green
sry really clean lag,0.15,Green
mb so nice match,0.15,Green
good super solid match,0.14,Green
thanks super that help,0.15,Green
thanks everyone nice save,0.11,Green
nice very solid help,0.15,Green
ty for my match,0.11,Green
wow everyone well carry,0.11,Green
nt super your save,0.11,Green
sry very clean played,0.14,Green
gl so your work,0.14,Green
ty very the round,0.11,Green
good very clean try,0.15,Green
gl about that try,0.14,Green
sry about clean help,0.11,Green
nice about good help,0.11,Green
nice everyone my carry,0.11,Green
thx guys,0.14,Green
gl team nice game,0.14,Green
nt super clean carry,0.14,Green
nt really great lag,0.15,Green
good about clean lag,0.15,Green
nice guys your save,0.14,Green
wow for good carry,0.11,Green
gl everyone the lag,0.14,Green
ty very my try,0.15,Green
thanks super great save,0.14,Green
wow really well help,0.11,Green
nt very that played,0.15,Green
gg very my game,0.15,Green
gg very that lag,0.15,Green
sry guys the save,0.15,Green
ty about great try,0.14,Green
thanks really clean work,0.15,Green
nice about great work,0.15,Green
good so your help,0.11,Green
gg much well game,0.15,Green
gl that save,0.15,Green
good team lag,0.11,Green
nice guys solid try,0.14,Green
nt about good save,0.14,Green
gl really good carry,0.15,Green
nt for good try,0.11,Green
gg everyone great played,0.15,Green
gg much great help,0.15,Green
gg everyone nice save,0.11,Green
gl really the played,0.14,Green
ty for great played,0.15,Green
gg super that match,0.14,Green
good very clean save,0.15,Green
nt very nice lag,0.15,Green
gg team my match,0.14,Green
nt much my save,0.14,Green
wow guys the carry,0.15,Green
gg guys solid help,0.11,Green
nice everyone solid round,0.15,Green
wp for try,0.11,Green
nt so clean help,0.14,Green
mb for nice try,0.14,Green
nice super nice lag,0.15,Green
ty super well try,0.15,Green
nt really well match,0.15,Green
gg guys the game,0.15,Green
good everyone nice help,0.14,Green
thanks really that match,0.14,Green
gg guys well carry,0.11,Green
good much the lag,0.14,Green
gg so the lag,0.11,Green
thanks everyone great try,0.11,Green
nt my game,0.15,Green
gl team your carry,0.15,Green
thanks super nice match,0.11,Green
gl about the help,0.14,Green
wow guys solid round,0.15,Green
sry this game,0.14,Green
thanks team my round,0.15,Green
sry so your try,0.15,Green
nice very clean game,0.14,Green
ty guys nice round,0.15,Green
mb for great work,0.11,Green
gg very great carry,0.11,Green
nt for the lag,0.14,Green
nice super your match,0.14,Green
ty this help,0.11,Green
nt about the work,0.15,Green
wow about great try,0.14,Green
gl team solid work,0.15,Green
sry for well lag,0.15,Green
gl so good lag,0.14,Green
nice really the lag,0.14,Green
gg guys nice match,0.14,Green
nice very great match,0.15,Green
nt super good match,0.11,Green
sry super the help,0.14,Green
thanks guys solid game,0.14,Green
sry for that work,0.11,Green
gg everyone great lag,0.14,Green
wow much your carry,0.14,Green
mb guys my match,0.11,Green
wow so great game,0.14,Green
gg really the save,0.15,Green
thanks so the played,0.14,Green
wow much that carry,0.15,Green
mb for the help,0.11,Green
gl really that save,0.14,Green
gg team clean round,0.15,Green
good super solid round,0.11,Green
nice about good carry,0.11,Green
thx this play,0.11,Green
gg everyone great match,0.15,Green
wp our try,0.11,Green
mb guys good help,0.15,Green
gg everyone good played,0.11,Green
mb much my work,0.15,Green
sry team my help,0.15,Green
nt guys well help,0.14,Green
good everyone that try,0.15,Green
gl for help,0.15,Green
thanks guys solid save,0.11,Green
gl team the played,0.15,Green
sry so my carry,0.11,Green
mb about round,0.11,Green
mb very clean save,0.15,Green
gl really well played,0.15,Green
nt for bad,0.11,Green
gg really nice try,0.15,Green
sry for solid game,0.15,Green
mb about that match,0.14,Green
nt very good try,0.14,Green
sry everyone well played,0.15,Green
ty everyone solid try,0.14,Green
nice about the round,0.11,Green
nice for nice match,0.15,Green
thanks for well game,0.14,Green
gg for round,0.15,Green
nice everyone that save,0.14,Green
sry super that round,0.14,Green
gg very my work,0.14,Green
gg super my try,0.11,Green
ty for nice match,0.15,Green
nice really great game,0.14,Green
mb super clean try,0.15,Green
mb much great help,0.15,Green
nt so great round,0.14,Green
sry so my game,0.14,Green
gl very solid round,0.14,Green
mb super well save,0.15,Green
gl for clean match,0.11,Green
good much nice match,0.15,Green
nt so that match,0.14,Green
mb team nice round,0.14,Green
gl much good played,0.15,Green
thx our help,0.15,Green
sry so clean save,0.14,Green
gg everyone the help,0.14,Green
mb very clean help,0.14,Green
good for clean round,0.11,Green
nice really great carry,0.14,Green
ty team clean try,0.11,Green
gg team good round,0.11,Green
ty guys the lag,0.15,Green
gl for the save,0.11,Green
ty much great game,0.11,Green
good for good try,0.14,Green
wow very nice work,0.11,Green
gg so your work,0.11,Green
wow guys that match,0.15,Green
wow much well carry,0.15,Green
gl super my try,0.15,Green
mb super nice save,0.14,Green
sry very clean game,0.15,Green
sry everyone the help,0.15,Green
nice really great work,0.15,Green
nt much my carry,0.15,Green
nice our try,0.11,Green
nice team that carry,0.11,Green
nt really clean work,0.14,Green
wow very your save,0.15,Green
gl very your game,0.14,Green
wp team carry,0.15,Green
thanks about that save,0.15,Green
nice much clean lag,0.14,Green
gg much clean round,0.15,Green
wow much well game,0.15,Green
nice super great lag,0.11,Green
sry for great played,0.14,Green
nice everyone my help,0.11,Green
nt this save,0.14,Green
nt really clean try,0.14,Green
good for that match,0.14,Green
sry about play,0.14,Green
sry very nice game,0.14,Green
wow super clean match,0.14,Green
wow for good try,0.15,Green
wow very that save,0.14,Green
nice team that round,0.11,Green
nt super good help,0.11,Green
wow about well match,0.11,Green
wow super that round,0.11,Green
gg guys nice help,0.14,Green
good really that save,0.14,Green
ty you lag,0.11,Green
nt so my round,0.15,Green
gl everyone my carry,0.14,Green
nt super good try,0.14,Green
wow really that match,0.15,Green
mb that try,0.15,Green
nice guys nice played,0.14,Green
ty for clean round,0.11,Green
nt much that game,0.15,Green
gl so solid lag,0.14,Green
good everyone good work,0.14,Green
gl guys nice game,0.11,Green
nice very well try,0.14,Green
thanks about the game,0.14,Green
ty super good played,0.15,Green
mb really the carry,0.11,Green
nice guys clean round,0.14,Green
nice team nice lag,0.11,Green
sry really great played,0.15,Green
nt this help,0.14,Green
ty everyone the save,0.14,Green
thx about round,0.14,Green
good much clean carry,0.14,Green
gg really great played,0.14,Green
mb super that lag,0.15,Green
nice very my match,0.15,Green
sry very solid carry,0.14,Green
good for good round,0.14,Green
wow much solid game,0.14,Green
wow about the round,0.14,Green
wow everyone well lag,0.11,Green
gg about good match,0.15,Green
thanks very nice work,0.14,Green
sry for the match,0.15,Green
nice guys your lag,0.15,Green
gg much solid lag,0.11,Green
mb team good save,0.15,Green
good super my match,0.14,Green
sry much clean match,0.14,Green
good the game,0.15,Green
gg really clean carry,0.14,Green
nice guys great work,0.11,Green
good team help,0.15,Green
gl for solid work,0.11,Green
good so nice played,0.14,Green
sry very well played,0.14,Green
nice my help,0.15,Green
gl for well played,0.15,Green
wow guys that help,0.15,Green
gg super my round,0.11,Green
nt for nice lag,0.15,Green
nt for well match,0.14,Green
ty about nice help,0.14,Green
nice super good lag,0.15,Green
gl super great save,0.11,Green
sry very good played,0.15,Green
nt guys clean played,0.15,Green
nt for great carry,0.14,Green
thanks for great lag,0.15,Green
ty that play,0.14,Green
wow super that played,0.11,Green
gl much good carry,0.11,Green
good guys clean played,0.11,Green
mb really nice game,0.14,Green
mb the carry,0.14,Green
sry much great save,0.14,Green
ty so the match,0.14,Green
nice for the round,0.14,Green
sry team clean lag,0.11,Green
ty so the game,0.15,Green
wow super solid try,0.14,Green
thanks about that played,0.14,Green
sry much great match,0.15,Green
nt this play,0.14,Green
sry for your save,0.14,Green
wow so your game,0.14,Green
nt so great try,0.11,Green
sry really well played,0.14,Green
gl for clean carry,0.11,Green
ty about great played,0.11,Green
nt much clean lag,0.15,Green
mb really well game,0.14,Green
good guys solid round,0.14,Green
gl everyone the help,0.14,Green
gl team nice lag,0.14,Green
gl very the try,0.15,Green
wp the save,0.11,Green
nice all carry,0.15,Green
mb really clean played,0.11,Green
good very my help,0.14,Green
nice team great work,0.14,Green
thanks really well match,0.11,Green
ty team solid lag,0.15,Green
nt for clean game,0.11,Green
good very clean round,0.14,Green
mb about your try,0.14,Green
sry team good lag,0.15,Green
wow about nice save,0.14,Green
gl guys good game,0.14,Green
sry for clean match,0.15,Green
mb so solid save,0.11,Green
sry team my played,0.15,Green
ty super good work,0.11,Green
gg for the round,0.15,Green
good very good played,0.11,Green
thanks so that save,0.14,Green
mb guys your save,0.15,Green
gl guys good played,0.14,Green
thanks so my game,0.14,Green
thanks everyone nice match,0.14,Green
gg for good carry,0.15,Green
good for well lag,0.15,Green
wp you bad,0.11,Green
wow for good match,0.11,Green
sry that save,0.15,Green
gg everyone well game,0.14,Green
nt everyone my game,0.15,Green
gg really the match,0.15,Green
ty team my lag,0.15,Green
ty super my lag,0.15,Green
nt team solid played,0.14,Green
thanks guys solid lag,0.14,Green
nt much that save,0.11,Green
ty everyone great carry,0.15,Green
wow everyone solid carry,0.15,Green
good the carry,0.14,Green
ty about match,0.11,Green
gl team that try,0.11,Green
gl for my help,0.11,Green
gl everyone clean round,0.11,Green
ty super solid played,0.14,Green
thanks for solid match,0.15,Green
ty very solid match,0.11,Green
nt very well try,0.14,Green
good everyone clean save,0.14,Green
gl for your carry,0.14,Green
gl about try,0.11,Green
ty you match,0.11,Green
good super my work,0.15,Green
gg everyone my help,0.15,Green
gg super the lag,0.14,Green
mb everyone that try,0.14,Green
nt guys good try,0.15,Green
good guys that lag,0.11,Green
ty guys solid match,0.14,Green
thanks about good played,0.14,Green
mb very well match,0.11,Green
thx all game,0.14,Green
gg so good help,0.14,Green
mb really nice carry,0.14,Green
wow for my try,0.11,Green
thanks much your game,0.11,Green
sry everyone solid try,0.14,Green
nt very solid save,0.11,Green
sry super great try,0.14,Green
sry team my try,0.11,Green
gg everyone your match,0.14,Green
nice about that help,0.11,Green
mb team my played,0.14,Green
ty for that carry,0.15,Green
nt very good carry,0.11,Green
mb guys well round,0.15,Green
mb super that match,0.11,Green
nt the play,0.14,Green
nice really your work,0.14,Green
mb guys solid help,0.11,Green
good super nice try,0.14,Green
ty everyone the try,0.15,Green
mb this game,0.15,Green
good much the round,0.14,Green
nice about my carry,0.15,Green
nt everyone the carry,0.14,Green
gg team great try,0.14,Green
gg really that carry,0.14,Green
good super great carry,0.11,Green
sry much good save,0.11,Green
sry everyone that played,0.14,Green
ty so my carry,0.15,Green
good team the try,0.11,Green
wow everyone solid work,0.14,Green
nt the try,0.11,Green
ty really good carry,0.11,Green
gg for nice help,0.11,Green
good very good round,0.14,Green
wp bro,0.14,Green
wow super great work,0.14,Green
gl much great match,0.11,Green
gl team lag,0.15,Green
mb really clean work,0.11,Green
good guys nice save,0.15,Green
nt everyone my try,0.15,Green
wow about nice match,0.11,Green
gg very solid round,0.15,Green
good super your help,0.11,Green
nice about great help,0.14,Green
thanks team nice help,0.15,Green
mb about my lag,0.14,Green
ty everyone clean game,0.14,Green
mb guys that round,0.14,Green
nt about clean work,0.11,Green
mb team the try,0.11,Green
thanks guys my lag,0.14,Green
nt super nice played,0.14,Green
ty guys well game,0.14,Green
nice for nice work,0.11,Green
good team bad,0.14,Green
nice guys your round,0.14,Green
wow super solid played,0.11,Green
gl really well round,0.11,Green
good for my carry,0.11,Green
mb very solid work,0.14,Green
ty so great try,0.15,Green
wow very great played,0.11,Green
gl so that played,0.15,Green
good super your played,0.15,Green
ty very solid lag,0.15,Green
wow so well try,0.15,Green
wow team solid work,0.14,Green
gg for well carry,0.14,Green
sry much that work,0.15,Green
nt very your game,0.14,Green
wow team solid save,0.14,Green
mb so solid game,0.11,Green
ty guys my try,0.15,Green
ty super your match,0.14,Green
nice for nice save,0.15,Green
mb about great carry,0.11,Green
gg that bad,0.15,Green
ty team the work,0.14,Green
gl super that played,0.14,Green
gl much good lag,0.15,Green
gg everyone nice played,0.11,Green
wp team round,0.11,Green
wow much my save,0.15,Green
thanks guys great carry,0.15,Green
gg very solid carry,0.14,Green
gl for bad,0.11,Green
nice guys that help,0.11,Green
nt really solid played,0.15,Green
wow so good save,0.14,Green
nice guys that played,0.11,Green
gg for clean try,0.14,Green
sry guys great carry,0.14,Green
thanks team good carry,0.14,Green
ty all save,0.11,Green
gg very the played,0.11,Green
sry so the lag,0.11,Green
good guys the help,0.14,Green
thanks super good round,0.11,Green
sry team try,0.14,Green
mb about your lag,0.11,Green
sry much the work,0.11,Green
nt guys nice game,0.14,Green
thx team bad,0.11,Green
thanks much nice help,0.14,Green
wow much the round,0.15,Green
good about that work,0.14,Green
wow very my match,0.14,Green
ty guys my round,0.14,Green
good really my try,0.14,Green
gl everyone the game,0.11,Green
nt for your save,0.15,Green
wow everyone the work,0.14,Green
nice for your carry,0.15,Green
gg for your match,0.15,Green
sry much clean round,0.11,Green
thanks really the help,0.15,Green
good really nice lag,0.14,Green
nice really the help,0.14,Green
thanks really good try,0.15,Green
nt so that help,0.15,Green
sry very nice save,0.15,Green
nt team nice save,0.15,Green
sry super nice try,0.14,Green
good all,0.11,Green
mb so good game,0.15,Green
nt really the played,0.11,Green
ty about nice carry,0.14,Green
thanks much clean work,0.14,Green
sry really that work,0.14,Green
sry really well save,0.11,Green
thanks team the save,0.14,Green
good so well try,0.14,Green
nt for well played,0.11,Green
sry for the lag,0.14,Green
gl super that work,0.15,Green
sry super good carry,0.11,Green
wp that match,0.14,Green
good very my try,0.15,Green
wow much that lag,0.15,Green
good very nice lag,0.15,Green
sry team your game,0.11,Green
good really well save,0.14,Green
good team well save,0.15,Green
gl team clean work,0.11,Green
sry guys that game,0.11,Green
sry much clean help,0.11,Green
gg super the match,0.14,Green
wow very clean try,0.14,Green
mb guys solid work,0.15,Green
gl guys the round,0.15,Green
nice team your match,0.15,Green
nice everyone nice help,0.14,Green
good really the match,0.14,Green
sry super clean carry,0.11,Green
gl really solid help,0.15,Green
gg about my lag,0.14,Green
gl much clean played,0.14,Green
mb team good round,0.11,Green
good team solid save,0.14,Green
nt super my try,0.11,Green
gl everyone well save,0.14,Green
nice super well game,0.14,Green
mb everyone clean game,0.14,Green
gg for my carry,0.15,Green
good everyone my lag,0.11,Green
mb about well carry,0.11,Green
thanks about solid round,0.11,Green
hf,0.14,Green
gg very my try,0.15,Green
good really solid round,0.14,Green
sry so nice game,0.11,Green
nt super that try,0.15,Green
ty for well try,0.14,Green
nice guys that lag,0.14,Green
wow really nice played,0.15,Green
wow for clean save,0.11,Green
sry so solid game,0.14,Green
wow so that work,0.15,Green
gg everyone that work,0.14,Green
nice much your carry,0.15,Green
wow super good help,0.14,Green
sry much clean lag,0.14,Green
gl team clean round,0.15,Green
nt so nice lag,0.15,Green
ty super the work,0.11,Green
thanks really great try,0.11,Green
nice very well work,0.14,Green
nt guys the game,0.11,Green
gl team great game,0.11,Green
ty everyone clean round,0.11,Green
ty team nice try,0.15,Green
mb you carry,0.11,Green
nt team clean save,0.14,Green
nice team solid try,0.15,Green
gg for good round,0.15,Green
nt team good match,0.14,Green
nice team solid game,0.14,Green
mb our match,0.11,Green
mb team your save,0.11,Green
good guys good game,0.14,Green
wow everyone that work,0.14,Green
sry about the carry,0.11,Green
gl everyone that match,0.14,Green
gg much the help,0.11,Green
nice super great round,0.11,Green
wow much great carry,0.14,Green
wow super your save,0.14,Green
nice our play,0.14,Green
sry much nice match,0.15,Green
wow about your help,0.15,Green
good super clean help,0.11,Green
mb really the game,0.15,Green
gl about my round,0.15,Green
gl guys the lag,0.11,Green
sry everyone the work,0.14,Green
wow guys that carry,0.14,Green
nice much your round,0.11,Green
nice everyone your played,0.14,Green
sry super great game,0.14,Green
mb everyone well game,0.15,Green
ty so your work,0.14,Green
sry all help,0.11,Green
sry team my game,0.15,Green
thx all save,0.14,Green
mb guys nice work,0.11,Green
gg really that try,0.11,Green
gg about the help,0.11,Green
nt for solid game,0.14,Green
nice about clean try,0.11,Green
nice guys nice save,0.14,Green
wp guys,0.11,Green
nt very your carry,0.14,Green
wow super the round,0.11,Green
good everyone solid round,0.14,Green
gg team clean help,0.11,Green
gg super your lag,0.14,Green
thanks very solid played,0.14,Green
mb for that match,0.15,Green
nice guys my round,0.15,Green
gl my carry,0.11,Green
thanks guys solid match,0.11,Green
wow super clean played,0.11,Green
sry very solid match,0.14,Green
wow everyone your save,0.11,Green
gg so nice round,0.15,Green
sry really good lag,0.15,Green
sry super clean try,0.14,Green
good really good match,0.14,Green
nt really clean match,0.15,Green
thanks team that round,0.11,Green
wow so the round,0.14,Green
gg super the round,0.15,Green
sry for your played,0.15,Green
ty really nice carry,0.15,Green
sry for great carry,0.14,Green
ty really well game,0.11,Green
gg so that game,0.15,Green
gg about the match,0.14,Green
wow everyone solid round,0.15,Green
good about good played,0.11,Green
mb much your played,0.15,Green
wow really clean work,0.14,Green
gl everyone great help,0.14,Green
good super that save,0.15,Green
nice guys solid save,0.14,Green
gl everyone solid lag,0.11,Green
ty about my lag,0.14,Green
thx for try,0.14,Green
good much well match,0.11,Green
nt so clean lag,0.14,Green
good our carry,0.15,Green
gl team nice round,0.11,Green
gg guys good played,0.15,Green
gl team good lag,0.15,Green
nice for the played,0.11,Green
gl about well save,0.14,Green
wow for clean match,0.14,Green
nice so your round,0.11,Green
sry really solid save,0.15,Green
nt very clean try,0.11,Green
ty team well game,0.11,Green
mb much solid played,0.14,Green
ty really my match,0.15,Green
nt for clean lag,0.14,Green
thx all play,0.11,Green
sry guys good played,0.14,Green
nice for good save,0.14,Green
nt super great match,0.11,Green
mb about good game,0.14,Green
good our help,0.15,Green
nt so your save,0.15,Green
gl much that try,0.15,Green
nt that help,0.14,Green
gg the save,0.11,Green
wow so well round,0.15,Green
gg so nice game,0.14,Green
gg about that help,0.11,Green
gl much the game,0.14,Green
gl guys solid lag,0.14,Green
nt super clean match,0.11,Green
nice about well try,0.15,Green
mb team well match,0.15,Green
gl much nice match,0.14,Green
nt super well help,0.15,Green
gg guys my save,0.11,Green
good really great game,0.15,Green
mb everyone great game,0.15,Green
sry much nice save,0.15,Green
thanks really my lag,0.15,Green
nt much nice save,0.14,Green
nt really my played,0.15,Green
good super nice lag,0.14,Green
thanks much solid try,0.14,Green
sry really the game,0.11,Green
nt team that save,0.11,Green
gl about solid carry,0.15,Green
mb guys well game,0.14,Green
gl about good round,0.14,Green
nt team my game,0.11,Green
gg for well lag,0.15,Green
nt for my round,0.15,Green
good guys that round,0.15,Green
gg so your round,0.14,Green
thanks guys well match,0.14,Green
sry team solid game,0.14,Green
ty mate,0.14,Green
gg team that played,0.11,Green
ty guys solid game,0.14,Green
nt much solid work,0.15,Green
mb super great save,0.15,Green
wow team clean try,0.11,Green
nt about that work,0.14,Green
gg everyone well carry,0.14,Green
ty really the try,0.15,Green
gl really great work,0.14,Green
thanks everyone solid match,0.14,Green
gl very well lag,0.15,Green
ty everyone the played,0.15,Green
good for well played,0.11,Green
mb much great match,0.14,Green
mb so that work,0.14,Green
sry about clean save,0.14,Green
mb about match,0.11,Green
wow very nice save,0.14,Green
wow for clean lag,0.14,Green
wow about solid match,0.14,Green
thanks so clean game,0.11,Green
wow everyone great save,0.14,Green
nice super nice round,0.15,Green
wow about the lag,0.11,Green
gg so well try,0.14,Green
good everyone solid match,0.11,Green
nice super the work,0.15,Green
good very my lag,0.15,Green
ty guys the carry,0.11,Green
thanks guys your round,0.15,Green
thx you game,0.11,Green
mb everyone the round,0.15,Green
ty team your lag,0.15,Green
gl everyone good round,0.11,Green
nice team well carry,0.14,Green
gg about that game,0.15,Green
thanks very my help,0.14,Green
good for solid save,0.11,Green
sry about game,0.15,Green
nice about great match,0.15,Green
mb about clean played,0.15,Green
ty for my played,0.11,Green
good you bad,0.15,Green
sry everyone that match,0.15,Green
thanks so solid lag,0.14,Green
gl everyone well work,0.15,Green
gl super nice try,0.15,Green
nt really my lag,0.11,Green
sry very good save,0.15,Green
nice that lag,0.11,Green
ty for the played,0.15,Green
gg very great try,0.14,Green
gg our try,0.14,Green
sry much clean work,0.15,Green
ty about that help,0.11,Green
wow really great round,0.11,Green
gg you match,0.14,Green
thanks really my match,0.14,Green
good this try,0.11,Green
nice team great match,0.14,Green
gg so the game,0.11,Green
sry so great work,0.14,Green
wow team clean match,0.15,Green
sry so the round,0.14,Green
gl much great save,0.11,Green
gl really solid carry,0.15,Green
sry everyone great round,0.15,Green
good about that help,0.14,Green
ty for my try,0.11,Green
nt everyone great save,0.14,Green
sry team nice played,0.14,Green
ty very your round,0.15,Green
good for help,0.15,Green
thanks team that match,0.15,Green
nice super my help,0.15,Green
ty guys clean round,0.11,Green
gl everyone the try,0.14,Green
sry really the carry,0.14,Green
good much solid carry,0.15,Green
wow guys my help,0.15,Green
thanks guys clean match,0.11,Green
nt all round,0.14,Green
mb really great carry,0.15,Green
nt about nice work,0.14,Green
gg team my game,0.15,Green
sry really solid lag,0.15,Green
mb so solid work,0.14,Green
gl very that played,0.15,Green
thanks team that work,0.11,Green
nt about solid try,0.11,Green
mb guys your played,0.15,Green
nice about good match,0.11,Green
nt much well save,0.15,Green
good team well match,0.14,Green
gg team round,0.14,Green
gl everyone clean game,0.15,Green
wow about great round,0.15,Green
sry guys your played,0.15,Green
gl for well carry,0.15,Green
thx that carry,0.11,Green
good guys my save,0.14,Green
wow for nice carry,0.15,Green
thanks everyone the played,0.11,Green
gl you game,0.14,Green
mb everyone nice lag,0.15,Green
nt really your match,0.15,Green
gg super good played,0.11,Green
good for great help,0.11,Green
nice very great work,0.15,Green
nice for clean lag,0.15,Green
sry much the help,0.11,Green
ty super clean game,0.14,Green
thanks much your try,0.14,Green
wow super great help,0.11,Green
ty super solid match,0.15,Green
gg about that work,0.14,Green
wow so the try,0.11,Green
ty very solid save,0.14,Green
wow very that work,0.11,Green
gg super solid try,0.14,Green
gg team nice work,0.11,Green
thanks really the played,0.14,Green
mb really well round,0.15,Green
good for the match,0.15,Green
good much solid played,0.14,Green
good really good work,0.14,Green
sry guys well played,0.11,Green
mb so well played,0.14,Green
sry really solid game,0.11,Green
thanks for good round,0.11,Green
nt about clean played,0.11,Green
nt everyone that try,0.14,Green
nt super nice lag,0.15,Green
thanks everyone solid help,0.11,Green
mb guys the played,0.15,Green
gg about clean carry,0.11,Green
wow everyone that game,0.14,Green
gl so nice carry,0.11,Green
good much my save,0.11,Green
nice so your game,0.14,Green
thanks guys solid try,0.15,Green
wow team the save,0.14,Green
nice everyone the carry,0.14,Green
thanks team clean help,0.14,Green
gg everyone my played,0.14,Green
sry so that match,0.11,Green
nt team nice help,0.15,Green
sry for my carry,0.15,Green
thanks guys good round,0.15,Green
gl team great carry,0.14,Green
mb guys great try,0.15,Green
wow about good lag,0.14,Green
wp,0.15,Green
thanks really your lag,0.11,Green
nice super good round,0.14,Green
thx the game,0.11,Green
gg guys your round,0.14,Green
gg for well work,0.15,Green
gg super my work,0.11,Green
wp game,0.15,Green
gg guys my played,0.15,Green
nt guys great carry,0.15,Green
wow everyone nice work,0.14,Green
gl about your try,0.14,Green
wow guys nice lag,0.14,Green
gl this try,0.14,Green
nice so solid save,0.15,Green
nt team nice carry,0.15,Green
nice really nice carry,0.14,Green
gg super solid match,0.15,Green
thanks super clean try,0.11,Green
ty very the carry,0.15,Green
gg guys well played,0.15,Green
nt for nice work,0.14,Green
nt really well round,0.14,Green
ty guys good lag,0.15,Green
good super clean try,0.14,Green
thanks really my help,0.14,Green
nt everyone good work,0.14,Green
ty much nice lag,0.11,Green
sry everyone that game,0.11,Green
nt the game,0.14,Green
nice really great match,0.14,Green
good very clean work,0.15,Green
wow very your round,0.15,Green
nt super your game,0.11,Green
good super good game,0.15,Green
thanks much nice save,0.11,Green
good everyone great save,0.14,Green
nice much my played,0.14,Green
nice the try,0.15,Green
mb team try,0.15,Green
wow about that carry,0.11,Green
thanks guys good played,0.15,Green
nice team your round,0.11,Green
gl everyone nice try,0.11,Green
gg team that game,0.15,Green
wow so well lag,0.14,Green
thanks really nice lag,0.15,Green
ty everyone well try,0.15,Green
mb team that lag,0.15,Green
good team my match,0.11,Green
wow much clean round,0.14,Green
nice really the carry,0.11,Green
nice for clean carry,0.15,Green
good so well round,0.14,Green
nt for that try,0.14,Green
nice really your help,0.11,Green
wow guys the lag,0.11,Green
gg really good work,0.15,Green
gl guys nice help,0.15,Green
thanks much my carry,0.15,Green
mb everyone your help,0.11,Green
nt super nice match,0.14,Green
nice about your help,0.14,Green
gl everyone clean work,0.14,Green
wow so your played,0.11,Green
nice team nice save,0.14,Green
gl super good played,0.15,Green
nice our bad,0.11,Green
gg guys solid played,0.15,Green
wow very clean lag,0.15,Green
gl very your lag,0.11,Green
good mate,0.14,Green
mb about your played,0.14,Green
sry guys well help,0.14,Green
nt everyone great played,0.15,Green
sry so your round,0.11,Green
sry so your work,0.15,Green
sry team good save,0.15,Green
wow about my game,0.11,Green
sry super nice carry,0.14,Green
nt much good round,0.11,Green
nt really nice try,0.15,Green
gg much that game,0.15,Green
nt guys that save,0.11,Green
sry team that round,0.14,Green
mb so clean carry,0.15,Green
sry guys that save,0.14,Green
ty team clean save,0.15,Green
mb much your work,0.11,Green
nice so nice carry,0.15,Green
sry guys that match,0.15,Green
gl for the try,0.14,Green
ty so your played,0.14,Green
nice team that match,0.14,Green
gg really my try,0.14,Green
nt for good match,0.14,Green
gl super well help,0.15,Green
thanks so the match,0.14,Green
mb very the lag,0.15,Green
nt for that played,0.11,Green
nt super solid match,0.15,Green
sry guys clean try,0.14,Green
thanks team clean try,0.11,Green
nice about that work,0.14,Green
thanks super your help,0.14,Green
sry all bad,0.11,Green
sry guys nice lag,0.11,Green
good team great try,0.15,Green
thanks so good carry,0.15,Green
thanks guys clean game,0.15,Green
wow for clean work,0.15,Green
nice guys good save,0.11,Green
thanks so nice lag,0.14,Green
gl guys the help,0.11,Green
gg really good match,0.14,Green
nt guys the save,0.14,Green
mb for game,0.11,Green
ty about good carry,0.11,Green
gl team solid carry,0.15,Green
wow everyone the save,0.14,Green
nt really the work,0.11,Green
gl super nice game,0.14,Green
gl team that lag,0.11,Green
sry everyone your work,0.11,Green
nt about the played,0.11,Green
nice team solid played,0.11,Green
gl about great try,0.11,Green
good about great work,0.11,Green
mb so great played,0.11,Green
ty guys your game,0.15,Green
wow really my round,0.15,Green
mb guys well carry,0.11,Green
gl guys good help,0.15,Green
ty everyone that played,0.11,Green
nt so well save,0.15,Green
sry about clean played,0.11,Green
gg guys your played,0.14,Green
mb really my help,0.11,Green
nt team well match,0.11,Green
gg team nice try,0.14,Green
wow so nice help,0.14,Green
gl so well played,0.14,Green
thanks super your save,0.11,Green
thanks very well match,0.15,Green
nice team that save,0.15,Green
nice so the save,0.11,Green
nt super great lag,0.15,Green
mb about play,0.14,Green
gg so my carry,0.11,Green
thanks really great save,0.15,Green
gg guys my match,0.15,Green
sry really my lag,0.15,Green
thanks for your save,0.14,Green
nt so nice help,0.11,Green
mb super great carry,0.11,Green
mb for that game,0.11,Green
mb much good lag,0.14,Green
nt really that played,0.15,Green
wow really the carry,0.15,Green
nt guys solid game,0.14,Green
wow so nice played,0.11,Green
gl everyone great try,0.15,Green
nice about clean help,0.11,Green
gl about good carry,0.14,Green
sry team good work,0.15,Green
good really the help,0.15,Green
ty super my match,0.14,Green
mb for solid help,0.11,Green
ty guys nice work,0.15,Green
nice very my game,0.15,Green
sry team good round,0.14,Green
mb about my carry,0.15,Green
mb very great help,0.11,Green
thanks team my work,0.14,Green
gg for great try,0.14,Green
gl everyone clean try,0.11,Green
sry team great game,0.11,Green
gg very that game,0.11,Green
gl super good save,0.11,Green
ty for great try,0.14,Green
thanks very good lag,0.11,Green
thanks guys your save,0.14,Green
ty team good round,0.11,Green
nt everyone your try,0.11,Green
wow super great round,0.14,Green
sry so well lag,0.11,Green
gl everyone nice match,0.14,Green
gg so nice help,0.15,Green
nt about great try,0.14,Green
thanks team nice work,0.11,Green
thanks everyone clean game,0.15,Green
nt super great round,0.11,Green
gl so that try,0.15,Green
mb much that played,0.11,Green
wow team well carry,0.11,Green
good so that round,0.11,Green
thanks much the game,0.11,Green
gg guys great match,0.15,Green
wow very nice played,0.14,Green
good everyone my work,0.14,Green
thanks very good carry,0.14,Green
gl for that help,0.15,Green
nice team clean game,0.14,Green
nice team the lag,0.15,Green
wow super well played,0.11,Green
good about your help,0.15,Green
nt team well round,0.14,Green
nt team my round,0.14,Green
nt so good work,0.11,Green
gl super solid help,0.15,Green
nice team nice carry,0.15,Green
gl super solid carry,0.11,Green
gg about well lag,0.15,Green
gl so good round,0.11,Green
thanks everyone nice help,0.11,Green
nt team great match,0.14,Green
nice really that save,0.11,Green
good much clean work,0.11,Green
ty team well lag,0.11,Green
good so the try,0.14,Green
sry for round,0.15,Green
thanks team my help,0.15,Green
thanks super that lag,0.14,Green
nice about your try,0.11,Green
wow super that lag,0.15,Green
ty about your work,0.11,Green
good man,0.11,Green
gg everyone the save,0.15,Green
mb about that help,0.11,Green
nice for well carry,0.11,Green
wow much my match,0.14,Green
gl for my played,0.15,Green
mb for the round,0.15,Green
nt team your played,0.11,Green
nice really great try,0.15,Green
wow super well work,0.15,Green
nice so my lag,0.14,Green
gg team clean lag,0.11,Green
thanks very clean work,0.15,Green
good that game,0.14,Green
gl super your game,0.15,Green
mb guys good round,0.11,Green
good about my round,0.15,Green
wow team clean help,0.14,Green
good super well help,0.11,Green
gg super well help,0.15,Green
nt super my played,0.11,Green
nice much your try,0.15,Green
gg for nice save,0.14,Green
nice everyone nice game,0.15,Green
mb team great help,0.14,Green
gl so the help,0.11,Green
ggs,0.11,Green
good team my game,0.14,Green
nt team the carry,0.11,Green
nt all play,0.14,Green
wow guys solid help,0.15,Green
sry team round,0.15,Green
nice much my save,0.15,Green
good so that save,0.11,Green
gl much my round,0.15,Green
nice for nice carry,0.15,Green
gg super nice work,0.15,Green
nt so solid round,0.15,Green
wow really my work,0.15,Green
thanks very the game,0.14,Green
sry super the carry,0.11,Green
good for your try,0.11,Green
good for nice try,0.11,Green
wow team that save,0.14,Green
sry super my work,0.15,Green
gg very your round,0.15,Green
thanks much clean played,0.14,Green
ty for clean game,0.11,Green
good so your work,0.14,Green
wow everyone well save,0.14,Green
thanks really good lag,0.15,Green
nice much great save,0.14,Green
wow about clean game,0.14,Green
gl much clean round,0.11,Green
sry dude,0.14,Green
nice guys nice lag,0.14,Green
nt everyone your lag,0.14,Green
nt for great try,0.15,Green
nt everyone that game,0.15,Green
ty team clean carry,0.11,Green
wow for your work,0.14,Green
wow much the played,0.11,Green
gl about my game,0.14,Green
sry guys good save,0.15,Green
wow about my carry,0.11,Green
gl guys nice played,0.15,Green
ty everyone my work,0.15,Green
thanks about great played,0.14,Green
thanks for solid played,0.14,Green
gl team that match,0.11,Green
mb very clean played,0.14,Green
ty about solid try,0.15,Green
wow really your match,0.11,Green
nt super well played,0.14,Green
wow super nice try,0.14,Green
gg team great work,0.15,Green
ty much great carry,0.14,Green
ty our carry,0.14,Green
mb about solid save,0.14,Green
good very well help,0.11,Green
ty really clean save,0.11,Green
gg guys nice try,0.11,Green
thanks much clean lag,0.15,Green
mb so the try,0.11,Green
sry team my work,0.15,Green
mb team solid work,0.11,Green
good super your save,0.11,Green
good for round,0.14,Green
gg about that played,0.11,Green
nt about try,0.15,Green
gl much well match,0.14,Green
gg super great save,0.11,Green
gg team great played,0.15,Green
ty very great help,0.14,Green
gl really your match,0.15,Green
wow guys solid try,0.14,Green
nt for solid save,0.11,Green
nt team game,0.11,Green
mb that bad,0.11,Green
good team your game,0.15,Green
gg much solid help,0.15,Green
nice super well try,0.14,Green
sry everyone great game,0.15,Green
gl much nice work,0.15,Green
nice very solid game,0.15,Green
sry super that try,0.14,Green
ty about my game,0.11,Green
sry everyone nice lag,0.14,Green
nice everyone well carry,0.15,Green
gl team great work,0.15,Green
mb really my match,0.14,Green
gg super that work,0.15,Green
thanks team your work,0.14,Green
gl really nice game,0.11,Green
good you lag,0.15,Green
sry really your try,0.11,Green
nice about great played,0.14,Green
gl very good game,0.11,Green
nice super that lag,0.11,Green
nice team that played,0.14,Green
nice very clean work,0.14,Green
ty everyone solid help,0.15,Green
sry team solid save,0.11,Green
nt for that help,0.11,Green
gl guys clean played,0.14,Green
ty the try,0.14,Green
sry about nice game,0.14,Green
sry guys good work,0.11,Green
thanks everyone that game,0.11,Green
gg super clean match,0.11,Green
mb everyone solid try,0.14,Green
nice really nice try,0.14,Green
nice super your try,0.15,Green
gl you bad,0.11,Green
wow so great match,0.14,Green
gl really that help,0.11,Green
gg about great carry,0.15,Green
gl our play,0.15,Green
nt so clean round,0.15,Green
wow about the work,0.11,Green
gl so clean game,0.11,Green
nt really the match,0.14,Green
wow team well match,0.11,Green
ty team your game,0.15,Green
sry much my lag,0.15,Green
thanks very great lag,0.11,Green
mb really great match,0.14,Green
good much that round,0.11,Green
gg about nice game,0.15,Green
ty so great round,0.11,Green
thanks everyone great help,0.14,Green
gg so that try,0.15,Green
mb super the work,0.14,Green
gg about your game,0.15,Green
mb everyone clean help,0.11,Green
wow really nice round,0.11,Green
wp the help,0.14,Green
gg everyone good match,0.14,Green
nice guys the match,0.15,Green
thx you match,0.11,Green
gg about nice round,0.15,Green
mb guys solid played,0.11,Green
gl for round,0.14,Green
ty about clean game,0.15,Green
good team the carry,0.11,Green
mb much great played,0.14,Green
nice very the game,0.15,Green
mb super my game,0.14,Green
good guys clean game,0.11,Green
ty super well lag,0.11,Green
nt all lag,0.15,Green
nice team carry,0.14,Green
nt about that save,0.14,Green
ty so your save,0.11,Green
mb super clean round,0.15,Green
gl everyone solid work,0.15,Green
nice guys great carry,0.15,Green
ty that match,0.15,Green
wow about clean try,0.14,Green
nt team your match,0.11,Green
sry everyone clean save,0.15,Green
good really great round,0.15,Green
gl guys great try,0.15,Green
wow team nice played,0.15,Green
ty for help,0.11,Green
nt really your carry,0.15,Green
ty about your try,0.14,Green
good very well carry,0.11,Green
gg for your work,0.11,Green
ty guys nice lag,0.15,Green
ty very solid played,0.11,Green
nice super good carry,0.11,Green
mb so my lag,0.11,Green
nt everyone your save,0.15,Green
nt everyone my lag,0.15,Green
good so well played,0.14,Green
nice for that carry,0.11,Green
good really your work,0.14,Green
mb everyone nice try,0.11,Green
gl about that match,0.14,Green
gg for great save,0.15,Green
sry team solid played,0.14,Green
ty really great carry,0.15,Green
wp team lag,0.11,Green
ty about your round,0.15,Green
good guys great carry,0.11,Green
sry so good help,0.11,Green
nt very great played,0.15,Green
gl very solid lag,0.15,Green
thanks guys solid help,0.15,Green
gl about great lag,0.15,Green
nice very clean save,0.15,Green
mb much solid help,0.11,Green
gl you lag,0.11,Green
good super that lag,0.14,Green
nice everyone my game,0.14,Green
wow really your save,0.14,Green
sry about well lag,0.15,Green
good everyone good round,0.14,Green
gg much your save,0.15,Green
nt guys that lag,0.15,Green
gg for great help,0.14,Green
good much nice lag,0.15,Green
sry very that lag,0.11,Green
nice very solid round,0.11,Green
wp our play,0.11,Green
ty this round,0.14,Green
thanks guys nice try,0.14,Green
good about well match,0.11,Green
good much clean match,0.15,Green
gg about solid match,0.15,Green
wow very that game,0.11,Green
gg really great save,0.15,Green
mb all bad,0.15,Green
thx bro,0.14,Green
gg super well lag,0.15,Green
thanks super that played,0.14,Green
mb super that save,0.14,Green
nice very the try,0.15,Green
nice really the game,0.14,Green
sry about well played,0.14,Green
good all play,0.14,Green
ty about solid game,0.14,Green
sry super that played,0.15,Green
good really clean try,0.14,Green
mb about help,0.11,Green
gg for clean carry,0.14,Green
sry so that save,0.14,Green
sry for nice help,0.15,Green
good so good match,0.11,Green
nice very solid carry,0.14,Green
mb for good played,0.15,Green
thanks so great lag,0.14,Green
good guys good round,0.14,Green
thanks much great work,0.14,Green
wp team try,0.15,Green
wow super your played,0.15,Green
nt everyone clean match,0.14,Green
nt guys well played,0.14,Green
sry very great try,0.11,Green
thanks for solid work,0.15,Green
mb super nice try,0.14,Green
good everyone good try,0.11,Green
sry much nice played,0.14,Green
ty really the round,0.15,Green
gl super solid work,0.11,Green
nt about my played,0.15,Green
sry everyone great match,0.15,Green
thanks everyone well match,0.15,Green
ty much clean work,0.11,Green
mb really clean lag,0.15,Green
good very good try,0.15,Green
ty everyone my try,0.15,Green
thanks for clean match,0.15,Green
gg for well match,0.14,Green
ty so that played,0.14,Green
wow really my game,0.11,Green
nice for my work,0.14,Green
wow super great match,0.15,Green
good much my lag,0.15,Green
wp team help,0.15,Green
nt team the try,0.15,Green
thanks so solid match,0.11,Green
gl really great round,0.11,Green
mb guys nice help,0.14,Green
nice super solid save,0.14,Green
sry super good game,0.14,Green
gl much clean match,0.11,Green
gl much good save,0.14,Green
mb very great save,0.14,Green
mb super my try,0.11,Green
sry so clean lag,0.14,Green
gg much great lag,0.11,Green
gl team good game,0.11,Green
ty all play,0.15,Green
ty about nice lag,0.14,Green
sry about that match,0.15,Green
ty everyone nice played,0.14,Green
sry really my save,0.11,Green
mb super that played,0.15,Green
good super great help,0.14,Green
wow really solid carry,0.15,Green
gg for great played,0.11,Green
mb team clean try,0.15,Green
good super good played,0.15,Green
ty really that played,0.15,Green
sry for nice try,0.11,Green
sry so the played,0.11,Green
gg really solid match,0.15,Green
wow for great round,0.14,Green
nice super well match,0.11,Green
gl team well game,0.14,Green
good team good round,0.11,Green
thanks much good save,0.15,Green
thanks for clean help,0.15,Green
good much well game,0.15,Green
gg team the round,0.15,Green
sry that try,0.14,Green
ty guys your work,0.15,Green
mb about well lag,0.15,Green
good much the try,0.15,Green
gl so my save,0.14,Green
mb everyone nice match,0.15,Green
ty really my lag,0.11,Green
nt much great save,0.11,Green
wow so good game,0.14,Green
thanks about that help,0.14,Green
nice very your round,0.14,Green
ty super the match,0.14,Green
good team well round,0.15,Green
gl super clean try,0.14,Green
thanks really good help,0.15,Green
sry the try,0.14,Green
gl about my played,0.15,Green
ty about good match,0.15,Green
mb very great try,0.14,Green
sry that round,0.11,Green
good guys great match,0.14,Green
gl everyone good help,0.11,Green
gl very your try,0.15,Green
sry much well help,0.15,Green
nice so that save,0.11,Green
sry super clean save,0.15,Green
gl so well round,0.11,Green
good everyone clean played,0.11,Green
nt really solid game,0.11,Green
thanks about clean round,0.11,Green
sry so the save,0.11,Green
good super the try,0.14,Green
gg team good lag,0.15,Green
mb that play,0.11,Green
nice for my carry,0.11,Green
thanks guys that game,0.15,Green
sry very great round,0.15,Green
ty team well work,0.15,Green
nice that bad,0.14,Green
nice very that played,0.15,Green
wow very the help,0.14,Green
nt about clean carry,0.15,Green
nt really clean save,0.11,Green
gg much the match,0.15,Green
nt really clean round,0.15,Green
sry everyone that round,0.14,Green
wow very clean help,0.14,Green
mb guys solid round,0.15,Green
nt about good carry,0.15,Green
gg team the game,0.14,Green
mb really good carry,0.14,Green
wow guys your help,0.14,Green
nt everyone solid save,0.15,Green
gg everyone my save,0.15,Green
nt for the try,0.11,Green
nt super nice try,0.15,Green
gl very the save,0.14,Green
thanks so good work,0.11,Green
wow for well save,0.11,Green
ty much that lag,0.15,Green
gl for solid game,0.14,Green
gl everyone your played,0.14,Green
gg for solid lag,0.14,Green
sry much solid work,0.15,Green
nice for clean played,0.15,Green
gg much your work,0.15,Green
wow about the carry,0.11,Green
ty super well match,0.15,Green
gg everyone clean match,0.11,Green
thanks for well played,0.15,Green
mb all match,0.15,Green
good everyone well help,0.14,Green
good about great save,0.14,Green
nice super well save,0.15,Green
nt for save,0.15,Green
thanks so great carry,0.11,Green
wow for nice game,0.14,Green
nt super solid carry,0.15,Green
sry guys that round,0.14,Green
thanks everyone the carry,0.15,Green
wow team clean save,0.14,Green
nt super the try,0.11,Green
wow so great played,0.15,Green
thanks guys that carry,0.14,Green
nt everyone the help,0.14,Green
mb about that work,0.11,Green
thanks everyone clean try,0.14,Green
good for that save,0.11,Green
gl super good work,0.11,Green
good team well work,0.15,Green
nt team great work,0.14,Green
ty for the work,0.14,Green
nt much the game,0.15,Green
gl so the lag,0.11,Green
wp the bad,0.14,Green
good about the save,0.14,Green
nt everyone nice carry,0.11,Green
nt guys solid round,0.15,Green
good for solid match,0.11,Green
mb much my game,0.14,Green
gl the round,0.14,Green
gl about good lag,0.11,Green
sry very well carry,0.15,Green
good very nice match,0.11,Green
gg about well carry,0.14,Green
mb very that round,0.11,Green
nice for good work,0.11,Green
good all help,0.11,Green
mb everyone great match,0.14,Green
ty team that played,0.15,Green
mb team nice carry,0.14,Green
ty team that try,0.15,Green
gg very good played,0.11,Green
wow team good carry,0.11,Green
gg very clean help,0.15,Green
thanks about well lag,0.11,Green
nt much nice lag,0.15,Green
good for game,0.14,Green
thanks guys your carry,0.14,Green
gl the play,0.15,Green
mb so nice work,0.14,Green
thanks about the help,0.11,Green
ty very clean try,0.14,Green
nice everyone your lag,0.14,Green
nt for carry,0.11,Green
ty guys well try,0.11,Green
thanks much well save,0.11,Green
nt much nice try,0.15,Green
mb our save,0.11,Green
nt for my help,0.15,Green
good about great try,0.15,Green
mb so your round,0.11,Green
nice really good save,0.15,Green
gg about well try,0.15,Green
good very good carry,0.15,Green
sry really clean save,0.15,Green
gl very solid work,0.14,Green
gl very good work,0.14,Green
nice team great help,0.14,Green
ty for that lag,0.11,Green
mb so well work,0.14,Green
nice much good help,0.14,Green
wow about solid lag,0.11,Green
good about your save,0.14,Green
nice very clean played,0.11,Green
nice super great work,0.11,Green
wow very your help,0.15,Green
nt much well try,0.14,Green
gl much clean help,0.14,Green
ty very great carry,0.14,Green
gl about clean round,0.14,Green
sry team that try,0.15,Green
gl much my match,0.11,Green
mb about the lag,0.15,Green
thx this help,0.15,Green
sry about well round,0.11,Green
thanks guys good carry,0.11,Green
thanks much the played,0.15,Green
nt everyone well save,0.15,Green
good guys that work,0.15,Green
gl that bad,0.15,Green
nice so good carry,0.14,Green
ty really your game,0.15,Green
wow so your work,0.14,Green
ty team great save,0.14,Green
good very nice round,0.11,Green
nice very that work,0.15,Green
nice for that played,0.14,Green
good about save,0.14,Green
sry everyone clean match,0.15,Green
nt about nice lag,0.14,Green
gg very solid lag,0.11,Green
good team your carry,0.14,Green
thanks team great save,0.11,Green
sry very solid try,0.14,Green
sry for bad,0.11,Green
wp all help,0.11,Green
mb you lag,0.14,Green
thanks super the lag,0.15,Green
wow very the lag,0.11,Green
wow really that played,0.14,Green
good everyone my save,0.14,Green
nice so well help,0.11,Green
sry guys,0.15,Green
sry really nice played,0.15,Green
sry much well round,0.15,Green
ty very the help,0.15,Green
mb very good save,0.14,Green
good much nice round,0.15,Green
ty team the played,0.14,Green
wp you round,0.15,Green
nice much nice work,0.14,Green
nice everyone my round,0.15,Green
mb everyone great carry,0.15,Green
nice about great lag,0.11,Green
nice much well carry,0.11,Green
sry everyone solid match,0.11,Green
nt much the help,0.11,Green
gl very that save,0.15,Green
good team clean played,0.11,Green
nice very great help,0.15,Green
nice very your save,0.15,Green
gg much clean work,0.11,Green
sry everyone your played,0.11,Green
sry team game,0.11,Green
gl super well try,0.11,Green
good all round,0.15,Green
ty really nice try,0.11,Green
gg team the help,0.15,Green
thx about help,0.15,Green
nice guys nice match,0.11,Green
sry team great match,0.11,Green
thanks much great game,0.15,Green
nt about your try,0.15,Green
mb guys that help,0.15,Green
thanks for well work,0.14,Green
gl really great played,0.15,Green
good my round,0.14,Green
gl so great lag,0.15,Green
gg about my work,0.14,Green
good so good round,0.15,Green
mb team your round,0.11,Green
gg for nice work,0.15,Green
gl guys well game,0.11,Green
gl about my lag,0.15,Green
good guys your game,0.14,Green
sry everyone your save,0.14,Green
wow so the match,0.15,Green
thanks super great help,0.14,Green
wow super clean try,0.14,Green
ty about your save,0.11,Green
nice team solid lag,0.15,Green
wow about nice game,0.14,Green
gg super your game,0.15,Green
wow everyone solid game,0.11,Green
gg for good lag,0.14,Green
ty everyone good help,0.15,Green
mb team great save,0.14,Green
good everyone clean work,0.11,Green
good super your work,0.11,Green
ty that lag,0.15,Green
ty guys clean work,0.14,Green
nt team the help,0.14,Green
nt super great work,0.11,Green
ty about your carry,0.15,Green
wow everyone your played,0.14,Green
thanks team your try,0.15,Green
thanks so clean try,0.11,Green
thanks very well played,0.14,Green
mb super my match,0.15,Green
nice so great work,0.11,Green
ty really my work,0.15,Green
wp you game,0.14,Green
good much clean help,0.15,Green
thanks very well work,0.15,Green
ty very good try,0.14,Green
sry super the save,0.14,Green
